brand,model,type,movement,case_diameter,strap_material,price,style,water_resistance,features
Seiko,Presage Cocktail Time,Analog,Automatic,40.5,Leather,22000,Dress,50,"Date,Sapphire Crystal"
Casio,G-Shock DW5600,Digital,Quartz,42.8,Resin,6500,Sport,200,"Shock Resistant,Illuminator"
Fossil,Grant Chronograph,Chronograph,Quartz,44,Leather,8995,Casual,30,"Chronograph,Date Display"
Timex,Weekender,Analog,Quartz,38,Fabric,3995,Casual,30,"Indiglo Light,Interchangeable Strap"
Citizen,Eco-Drive Chandler,Analog,Solar,42,Canvas,11500,Sport,100,"Date Display,Glow Hands"
Daniel Wellington,Classic Sheffield,Analog,Quartz,40,Leather,9999,Minimalist,30,"Minimal Design,Slim Profile"
Orient,Bambino Version IV,Analog,Automatic,42,Leather,13500,Dress,30,"Date Display,Domed Crystal"
Tissot,Everytime Swissmatic,Analog,Automatic,40,Leather,29900,Minimalist,30,"Sapphire Glass,Swiss Movement"
Casio,Edifice EFR-539,Chronograph,Quartz,45,Metal,12450,Sport,100,"Chronograph,Date,Stainless Steel"
Rolex,Datejust 36,Analog,Automatic,36,Metal,600000,Luxury,100,"Cyclops Lens,Chronometer Certified"
Omega,Seamaster Aqua Terra,Analog,Automatic,41.5,Metal,425000,Luxury,150,"Anti-Magnetic,Master Chronometer"
Swatch,Irony Big Classic,Analog,Quartz,42,Metal,6000,Casual,30,"Day-Date,Luminous Hands"
Seiko,5 Sports SRPD55K1,Analog,Automatic,42.5,Metal,18000,Sport,100,"Luminous,Day-Date"
Casio,Vintage F91W,Digital,Quartz,33.5,Resin,1295,Minimalist,30,"Alarm,Stopwatch"
Fossil,Neutra Chrono,Chronograph,Quartz,44,Leather,10995,Casual,50,"Chronograph,Date"
Timex,Expedition Scout,Analog,Quartz,40,Leather,5495,Sport,50,"Indiglo,Military Time"
Citizen,Eco-Drive Brycen,Analog,Solar,44,Metal,18500,Sport,100,"Chronograph,Date Display"
Tag Heuer,Formula 1,Chronograph,Quartz,43,Metal,105000,Luxury,200,"Tachymeter,Luminous"
Hamilton,Khaki Field Mechanical,Analog,Mechanical,38,Fabric,35500,Dress,50,"Hand-wound,Lume"
Tissot,PRX Quartz,Analog,Quartz,40,Metal,34000,Minimalist,100,"Integrated Bracelet,Sapphire Crystal"
Casio,Pro Trek PRT-B50,Digital,Quartz,50.8,Resin,18500,Sport,100,"Compass,Altimeter,Barometer"
Swatch,Big Bold,Analog,Quartz,47,Plastic,7500,Casual,30,"Bold Colors,Large Dial"
Seiko,Prospex Turtle,Analog,Automatic,45,Metal,30000,Sport,200,"Diverâ€™s Watch,Luminous Hands"
Fossil,The Minimalist Slim,Analog,Quartz,44,Leather,7495,Minimalist,30,"Slim Profile,Date"
Timex,Marlin Automatic,Analog,Automatic,40,Leather,14995,Dress,30,"Vintage Design,Domed Acrylic"
Citizen,Eco-Drive Stiletto,Analog,Solar,39,Metal,25000,Dress,30,"Ultra Thin,Date"
Omega,Speedmaster Professional,Chronograph,Manual,42,Metal,500000,Luxury,50,"Moonwatch,Chronograph"
Rolex,Submariner Date,Analog,Automatic,41,Metal,950000,Luxury,300,"Rotating Bezel,Luminous Markers"
Casio,A168W,Digital,Quartz,36,Metal,1895,Casual,30,"LED Light,Stopwatch"
Orient,Sun and Moon V3,Analog,Automatic,42.5,Leather,18500,Dress,50,"Sun/Moon Display,Date"
Tissot,Gentleman Powermatic 80,Analog,Automatic,40,Leather,52000,Dress,100,"Silicon Balance,Date Display"
Casio,G-Shock GA-2100,Analog-Digital,Quartz,48.5,Resin,9995,Sport,200,"Carbon Core Guard,World Time,LED Light"
Casio,Edifice ECB-20,Chronograph,Quartz,48.7,Stainless Steel,14995,Sport,100,"Bluetooth,Tough Solar,Phone Finder"
Casio,Vintage B640WD,Digital,Quartz,38.9,Stainless Steel,3495,Casual,50,"LED Backlight,Stopwatch,Alarm"
Casio,Pro Trek PRW-6600Y-1A9,Analog-Digital,Tough Solar,51.5,Resin,29995,Sport,100,"Triple Sensor,Radio Controlled,Compass"
Casio,G-Shock Mudmaster GWG-2000,Analog-Digital,Tough Solar,61.2,Resin,55995,Sport,200,"Mud-Resistant,Barometer,Altimeter"
Casio,Edifice EFR-S108D,Analog,Quartz,39.9,Stainless Steel,9995,Dress,100,"Sapphire Crystal,Slim Design"
Casio,Vintage A700W,Digital,Quartz,35.5,Stainless Steel,2995,Minimalist,30,"Slim Case,LED Light"
Casio,G-Shock GM-2100,Analog-Digital,Quartz,49.3,Stainless Steel,11995,Sport,200,"Metal Bezel,Shock Resistant,World Time"
Casio,Edifice EFS-S570,Chronograph,Tough Solar,45.6,Stainless Steel,13495,Sport,100,"Sapphire Glass,Solar Powered"
Casio,G-Shock GBA-800,Analog-Digital,Quartz,54.1,Resin,7995,Sport,200,"Bluetooth,Step Tracker,Dual Time"
Casio,Baby-G BGD-560,Digital,Quartz,44.7,Resin,4995,Sport,200,"Shock Resistant,Waterproof,EL Backlight"
Casio,Edifice EFV-540,Chronograph,Quartz,48.5,Stainless Steel,6995,Casual,100,"Mineral Glass,Date Display"
Casio,Sheen SHE-4532PGL,Analog,Quartz,34,Leather,7495,Dress,50,"Swarovski Crystals,Sapphire Crystal"
Casio,G-Shock DW-9052,Digital,Quartz,48.5,Resin,6495,Sport,200,"Stopwatch,Alarm,EL Backlight"
Casio,Vintage A158WA,Digital,Quartz,36.8,Stainless Steel,1995,Casual,30,"Micro Light,Stopwatch"
Casio,Edifice EQB-501,Chronograph,Tough Solar,52,Stainless Steel,19995,Sport,100,"Bluetooth,Tough Solar,World Time"
Casio,G-Shock GST-B400,Analog-Digital,Tough Solar,46.6,Stainless Steel,17995,Sport,200,"Carbon Core Guard,Bluetooth,Solar"
Casio,Vintage CA-53W,Digital,Quartz,42,Resin,2495,Casual,30,"Calculator,Dual Time,Alarm"
Casio,Edifice EFR-556,Chronograph,Quartz,49,Stainless Steel,9995,Casual,100,"Date Display,Mineral Glass"
Casio,G-Shock GR-B200,Analog-Digital,Tough Solar,63,Resin,34995,Sport,200,"Bluetooth,Quad Sensor,Carbon Core Guard"
Casio,Vintage AQ-230,Analog-Digital,Quartz,38.8,Stainless Steel,2495,Casual,30,"Dual Time,Stopwatch,Alarm"
Casio,Edifice EFR-552,Chronograph,Quartz,47.1,Stainless Steel,7995,Casual,100,"Date Display,Mineral Glass"
Casio,G-Shock DW-5900,Digital,Quartz,51.4,Resin,6995,Sport,200,"Triple Graph,EL Backlight"
Casio,Baby-G BA-110,Analog-Digital,Quartz,46.3,Resin,7995,Sport,100,"Shock Resistant,World Time,LED Light"
Casio,Edifice EFR-304,Analog,Quartz,48.6,Stainless Steel,9495,Casual,100,"World Time,Date Display"
Casio,Vintage A168WE,Digital,Quartz,38.6,Stainless Steel,2295,Casual,30,"LED Light,Stopwatch"
Casio,G-Shock GBD-800,Digital,Quartz,54.1,Resin,8995,Sport,200,"Bluetooth,Step Tracker,Vibration Alert"
Casio,Edifice EQB-1000,Analog,Tough Solar,45.6,Stainless Steel,24995,Luxury,100,"Bluetooth,Solar,Sapphire Glass"
Casio,Vintage LA670WEA,Digital,Quartz,30.3,Stainless Steel,2195,Casual,30,"Daily Alarm,Stopwatch"
Casio,G-Shock GMA-S2100,Analog-Digital,Quartz,46.2,Resin,8995,Sport,200,"Compact Size,Carbon Core Guard"
Casio,Edifice EFR-571,Chronograph,Quartz,51,Stainless Steel,10495,Sport,100,"Date Display,Mineral Glass"
Casio,Vintage A100WE,Digital,Quartz,40.7,Stainless Steel,2995,Casual,30,"LED Light,Stopwatch"
Casio,G-Shock GA-110,Analog-Digital,Quartz,55,Resin,8995,Sport,200,"Magnetic Resistant,World Time"
Casio,Baby-G BGA-250,Analog-Digital,Quartz,45.1,Resin,6495,Sport,100,"Neon Illuminator,World Time"
Casio,Edifice EFV-610,Chronograph,Quartz,48.6,Stainless Steel,7495,Casual,100,"Date Display,Mineral Glass"
Casio,Vintage A168WA,Digital,Quartz,38.6,Stainless Steel,2495,Casual,30,"LED Light,Stopwatch"
Casio,G-Shock GA-700,Analog-Digital,Quartz,57.5,Resin,7995,Sport,200,"Super Illuminator,Front Button"
Casio,Pro Trek PRG-340,Digital,Tough Solar,51.7,Resin,16995,Sport,100,"Triple Sensor,Eco-Friendly Materials"
Casio,Edifice EFR-564,Chronograph,Quartz,49.2,Stainless Steel,9495,Casual,100,"Tachymeter,Date Display"
Casio,G-Shock GST-B100,Analog,Tough Solar,58.1,Stainless Steel,24995,Luxury,200,"Bluetooth,Tough Solar,Carbon Dial"
Casio,Vintage F-91W-1Q,Digital,Quartz,38.2,Resin,1295,Minimalist,30,"Micro Light,Stopwatch,Alarm"
Casio,Edifice EFR-557,Chronograph,Quartz,49,Stainless Steel,8995,Sport,100,"Date Display,Mineral Glass"
Casio,Vintage A171WE,Digital,Quartz,36.6,Stainless Steel,2795,Minimalist,30,"Round Case,LED Light"
Casio,G-Shock GBD-200,Digital,Quartz,49.4,Resin,9995,Sport,200,"Bluetooth,Training Functions"
Casio,Pro Trek PRW-50Y,Analog-Digital,Tough Solar,50.5,Resin,39995,Sport,100,"Triple Sensor,Radio Controlled"
Casio,Edifice EFV-C110,Chronograph,Quartz,51,Stainless Steel,11495,Sport,100,"Telememo,Date Display"
Casio,Vintage B650WD,Digital,Quartz,43.1,Stainless Steel,3995,Casual,50,"LED Backlight,Stopwatch,Alarm"
Timex,Weekender Chronograph,Chronograph,Quartz,40,Leather,6995,Casual,30,"Indiglo Light,Chronograph"
Timex,Expedition Scout Solar,Analog,Solar,40,Leather,7495,Sport,50,"Solar Powered,Indiglo"
Timex,Q Timex Reissue,Analog,Quartz,38,Stainless Steel,15995,Vintage,50,"Integrated Bracelet,Day-Date"
Timex,Easy Reader,Analog,Quartz,35,Leather,3495,Casual,30,"Indiglo Light,Easy-to-Read Dial"
Timex,Waterbury Legacy,Analog,Quartz,41,Stainless Steel,8495,Dress,50,"Sapphire Crystal,Luminous Hands"
Timex,Marlin Hand-Wound,Analog,Mechanical,34,Leather,14995,Dress,30,"Hand-Wound Movement,Vintage Design"
Timex,Expedition Gallatin Solar,Analog,Solar,45,Resin,7995,Sport,50,"Solar Powered,Outdoor Compass"
Timex,Ironman Transit,Digital,Quartz,33,Resin,5995,Sport,100,"10 Lap Memory,Stopwatch,Alarm"
Timex,T80 Digital,Digital,Quartz,34,Stainless Steel,5995,Retro,30,"Indiglo Light,Stopwatch"
Timex,Command Urban,Digital,Quartz,47,Resin,8995,Sport,100,"Shock Resistant,Vibration Alarm"
Timex,Fairfield,Analog,Quartz,41,Leather,5995,Minimalist,30,"Minimalist Dial,Indiglo"
Timex,Waterbury Classic,Analog,Quartz,40,Leather,6495,Dress,50,"Date Display,Luminous Hands"
Timex,Expedition Shock XL,Digital,Quartz,50,Resin,8495,Sport,200,"Shock Resistant,Indiglo"
Timex,Marlin Automatic,Analog,Automatic,40,Leather,14995,Dress,30,"Vintage Design,Domed Acrylic"
Timex,Navi XL,Analog,Automatic,41,Fabric,16995,Sport,100,"Automatic Movement,Rotating Bezel"
Timex,M79 Automatic,Analog,Automatic,40,Stainless Steel,19995,Vintage,50,"Day-Date,Exhibition Caseback"
Timex,Ironman T-Series,Digital,Quartz,40,Resin,4995,Sport,100,"Indiglo,Stopwatch,Alarm"
Timex,Expedition North Field Post,Analog,Automatic,38,Leather,14995,Dress,100,"Automatic Movement,Satin Finish"
Timex,Easy Reader Day-Date,Analog,Quartz,38,Leather,4495,Casual,30,"Indiglo Light,Day-Date Display"
Timex,MK1 Aluminum,Analog,Quartz,40,Aluminum,4995,Military,30,"Indiglo,Lightweight,Field Watch"
Timex,Waterbury Traditional,Analog,Quartz,42,Stainless Steel,7995,Casual,50,"Date Display,Mineral Glass"
Timex,Q Timex GMT,Analog,Quartz,38,Stainless Steel,17995,Vintage,50,"GMT Function,Integrated Bracelet"
Timex,Ironman R300 GPS,Digital,Quartz,41,Resin,12995,Sport,30,"GPS Tracker,Heart Rate Monitor"
Timex,Navi Harbor,Analog,Quartz,41,Fabric,7995,Casual,100,"Rotating Bezel,Indiglo"
Timex,Expedition North Sierra,Analog,Quartz,41,Leather,6995,Sport,100,"Date Display,Stainless Steel Case"
Timex,Waterbury Legacy Automatic,Analog,Automatic,41,Stainless Steel,17995,Dress,50,"Automatic Movement,Exhibition Caseback"
Timex,Standard Chronograph,Chronograph,Quartz,41,Leather,6995,Casual,30,"Chronograph,Indiglo"
Timex,Ironman T300,Digital,Quartz,45,Resin,6995,Sport,100,"30 Lap Memory,Indiglo"
Timex,Waterbury Ocean,Analog,Quartz,42,Recycled Plastic,6495,Casual,30,"Eco-Friendly,Luminous Hands"
Timex,Legacy Day-Date,Analog,Quartz,41,Stainless Steel,7995,Dress,50,"Day-Date Display,Stainless Steel"
Timex,Expedition Ranger Solar,Analog,Solar,43,Leather,8995,Sport,50,"Solar Powered,Indiglo"
Timex,Easy Reader Expansion,Analog,Quartz,35,Expansion Band,3995,Casual,30,"Indiglo Light,Easy-to-Read"
Timex,American Documents,Analog,Quartz,41,Leather,22995,Luxury,30,"American Assembled,Sapphire Crystal"
Timex,Harborside Coast,Analog,Quartz,43,Stainless Steel,7995,Casual,50,"Rotating Bezel,Date Display"
Timex,Metropolitan S,Analog,Quartz,42,Stainless Steel,9995,Smartwatch,30,"Activity Tracking,Notifications"
Timex,Expedition North Trailliner,Analog,Quartz,41,Fabric,8995,Sport,100,"Date Display,Field Watch"
Timex,T80 Pac-Man,Digital,Quartz,34,Stainless Steel,6995,Retro,30,"Pac-Man Graphics,Indiglo"
Timex,Waterbury Traditional GMT,Analog,Quartz,40,Leather,9995,Dress,50,"GMT Function,Date"
Timex,Allied Three GMT,Analog,Quartz,43,Stainless Steel,10995,Casual,100,"GMT Function,Rotating Bezel"
Timex,Expedition Field Chronograph,Chronograph,Quartz,43,Leather,6995,Sport,100,"Chronograph,Date"
Timex,T80,Digital,Quartz,34,Stainless Steel,4995,Retro,30,"Stopwatch,Alarm,Indiglo"
Timex,Expedition Scout 40,Analog,Quartz,40,Leather,5495,Sport,50,"Indiglo,Military Time"
Timex,Q Timex Falcon Eye,Analog,Quartz,38,Stainless Steel,16995,Vintage,50,"Domed Acrylic Crystal,Day-Date"
Timex,Waterbury Classic Chronograph,Chronograph,Quartz,40,Leather,7995,Casual,50,"Chronograph,Date Display"
Timex,Expedition North Sierra Solar,Analog,Solar,41,Stainless Steel,8995,Sport,100,"Solar Powered,Indiglo"
Timex,Legacy Day & Date,Analog,Quartz,41,Stainless Steel,8995,Dress,50,"Day-Date Display,Luminous Hands"
Timex,Waterbury Legacy 41mm,Analog,Quartz,41,Stainless Steel,7995,Casual,50,"Date Display,Stainless Steel"
Timex,Easy Reader Leather Strap,Analog,Quartz,38,Leather,3995,Casual,30,"Indiglo Light,Easy-to-Read"
Timex,Waterbury Traditional 3 Hand,Analog,Quartz,40,Leather,5495,Casual,50,"Date Display,Classic Design"
Timex,Ironman Classic 30,Digital,Quartz,38,Resin,5495,Sport,100,"30 Lap Memory,Indiglo"
Seiko,Prospex Samurai,Analog,Automatic,43.8,Metal,28000,Sport,200,"Diver's Watch,Luminous Hands,Unidirectional Bezel"
Seiko,Seiko 5 SNK809,Analog,Automatic,37,Fabric,9000,Military,30,"Day-Date,Luminous Hands"
Seiko,Prospex Sumo,Analog,Automatic,45,Metal,45000,Sport,200,"Diver's Watch,Luminous Hands,Screw-down Crown"
Seiko,Presage Sharp Edged,Analog,Automatic,39.3,Metal,65000,Dress,100,"Sapphire Crystal,Power Reserve Indicator"
Seiko,Prospex Alpinist,Analog,Automatic,39.5,Leather,52000,Field,200,"Compass Bezel,Sapphire Crystal,Luminous"
Seiko,5 Sports SRPD65K1,Analog,Automatic,42.5,Metal,19000,Sport,100,"Luminous,Day-Date,Hardlex Crystal"
Seiko,Presage Cocktail Time 'Negroni',Analog,Automatic,40.5,Leather,23500,Dress,50,"Box-shaped Hardlex,Date Display"
Seiko,Prospex Monster,Analog,Automatic,42.4,Metal,32000,Sport,200,"Diver's Watch,Magnified Day-Date,Luminous"
Seiko,Coutura Solar,Analog,Solar,44,Metal,25000,Dress,100,"Solar Powered,Sapphire Crystal,Date"
Seiko,Prospex King Turtle,Analog,Automatic,45,Metal,35000,Sport,200,"Diver's Watch,Sapphire Crystal,Ceramic Bezel"
Seiko,Astron GPS Solar,Analog,Solar,42.9,Metal,100000,Luxury,100,"GPS Controlled Time,Perpetual Calendar"
Seiko,Presage Cocktail Time 'Mojito',Analog,Automatic,40.5,Leather,24000,Dress,50,"Box-shaped Hardlex,Date Display,Green Dial"
Seiko,5 Sports SBSA005,Analog,Automatic,42.5,Metal,20000,Sport,100,"Luminous,Day-Date,Stainless Steel"
Seiko,Prospex Tuna,Analog,Automatic,49.4,Resin,55000,Sport,200,"Diver's Watch,Protective Outer Shroud"
Seiko,SSC813 Prospex Speedtimer,Chronograph,Solar,39,Metal,50000,Sport,100,"Solar Powered,Chronograph"
Seiko,Presage Style 60s,Analog,Automatic,40.8,Leather,28000,Vintage,50,"Domed Hardlex Crystal,Luminous"
Seiko,5 Sports GMT,Analog,Automatic,42.5,Metal,38000,Sport,100,"GMT Hand,Day-Date,Rotating Bezel"
Seiko,Lukia,Analog,Quartz,34.5,Metal,28000,Dress,100,"Sapphire Crystal,Swarovski Elements"
Seiko,Prospex MarineMaster,Analog,Automatic,44.3,Metal,120000,Sport,300,"Monocoque Case,Diver's Watch"
Seiko,Presage Cocktail Time 'Old Clock',Analog,Automatic,40.5,Leather,23000,Dress,50,"Date Display,Box-shaped Hardlex"
Seiko,5 Sports Field,Analog,Automatic,39.4,Fabric,16000,Military,100,"Field Watch,Day-Date,Luminous"
Seiko,Prospex PADI Diver,Analog,Automatic,45,Metal,32000,Sport,200,"Diver's Watch,PADI Special Edition"
Seiko,Presage Zen Garden,Analog,Automatic,41.7,Metal,35000,Dress,30,"Zen Garden Dial,Sapphire Crystal"
Seiko,Premier Kinetic,Analog,Kinetic,42.5,Metal,48000,Dress,100,"Kinetic Movement,Sapphire Crystal"
Seiko,5 Sports Street Fighter,Analog,Automatic,42.5,Metal,22000,Sport,100,"Street Fighter Collaboration"
Seiko,Prospex King Samurai,Analog,Automatic,43.8,Metal,30000,Sport,200,"Sapphire Crystal,Ceramic Bezel,Diver's Watch"
Seiko,Presage 'Irish Coffee',Analog,Automatic,40.5,Leather,22500,Dress,50,"Box-shaped Hardlex,Date Display"
Seiko,5 Sports GMT 'Blueberry',Analog,Automatic,42.5,Metal,40000,Sport,100,"GMT Hand,Day-Date,Blue Bezel"
Seiko,Prospex Solar Diver,Analog,Solar,43.5,Resin,25000,Sport,200,"Solar Powered,Diver's Watch"
Seiko,Presage 'Hojicha',Analog,Automatic,33.8,Leather,28000,Dress,50,"Automatic,Japanese Garden"
Seiko,5 Sports 'Kx' SKX007,Analog,Automatic,42.5,Metal,21000,Sport,100,"Day-Date,Uni-directional Bezel"
Seiko,Prospex 'Arnie',Analog-Digital,Solar,47.8,Silicone,35000,Sport,200,"Solar Powered,Digital Display"
Seiko,Premier Chronograph,Chronograph,Quartz,42,Metal,29000,Dress,100,"Chronograph,Sapphire Crystal"
Seiko,5 Sports 'Sliver',Analog,Automatic,42.5,Metal,20500,Sport,100,"Day-Date,Luminous"
Seiko,Presage 'Shiro-taka',Analog,Automatic,40.5,Leather,26000,Dress,50,"Date Display,Hardlex Crystal"
Seiko,Prospex 'Willard',Analog,Automatic,42.7,Metal,90000,Sport,200,"Diver's Watch,Hi-beat Movement"
Seiko,5 Sports 'Rally Diver',Analog,Automatic,42.5,Metal,23000,Sport,100,"Rotating Bezel,Day-Date"
Seiko,Presage 'Arita Porcelain',Analog,Automatic,40.6,Leather,100000,Luxury,100,"Arita Porcelain Dial,Power Reserve"
Seiko,Prospex Solar Chrono,Chronograph,Solar,42,Metal,26000,Sport,100,"Solar Powered,Chronograph"
Seiko,5 Sports 'Yuto Horigome',Analog,Automatic,42.5,Nylon,25000,Sport,100,"Skateboarder Collaboration"
Seiko,Presage 'Urushi Byakudan-nuri',Analog,Automatic,40.5,Leather,150000,Luxury,100,"Urushi Lacquer Dial,Date"
Seiko,Prospex SNE583,Analog,Solar,38.5,Metal,32000,Sport,200,"Solar Powered,Diver's Watch"
Seiko,5 Sports 'Racer',Analog,Automatic,42.5,Metal,21500,Sport,100,"Day-Date,Luminous Hands"
Seiko,Presage 'White Gilt',Analog,Automatic,40.5,Leather,24500,Dress,50,"Box-shaped Hardlex,Date Display"
Seiko,Prospex 'Street Series',Digital,Solar,46.7,Resin,28000,Sport,200,"Solar Powered,Shock Resistant"
Seiko,Presage 'Starlight',Analog,Automatic,40.5,Leather,29000,Dress,50,"Starry Dial,Date Display"
Seiko,Prospex 'Monster' SRPD27K1,Analog,Automatic,42.4,Metal,32000,Sport,200,"Diver's Watch,Day-Date"
Citizen,Eco-Drive Nighthawk,Analog,Solar,42,Stainless Steel,22000,Pilot,200,"Slide Rule Bezel,Dual Time,Glow Hands"
Citizen,Promaster Diver,Analog,Solar,44,Rubber,25000,Diver,200,"Eco-Drive,One-Way Rotating Bezel,Luminous"
Citizen,Tsuyosa,Analog,Automatic,40,Stainless Steel,35000,Casual,50,"Integrated Bracelet,Automatic Movement,Date Display"
Citizen,Promaster Altichron,Analog,Solar,46,Polyurethane,45000,Sport,200,"Altimeter,Compass,Eco-Drive"
Citizen,Series 8,Analog,Automatic,40.8,Stainless Steel,60000,Dress,100,"Automatic Movement,Sapphire Crystal,Anti-Magnetic"
Citizen,Eco-Drive Axiom,Analog,Solar,40,Stainless Steel,15000,Minimalist,30,"Eco-Drive,Minimalist Dial,Date Display"
Citizen,Promaster Skyhawk A-T,Analog-Digital,Radio Controlled,46,Stainless Steel,38000,Pilot,200,"Atomic Timekeeping,World Time,Perpetual Calendar"
Citizen,Eco-Drive Garrison,Analog,Solar,42,Fabric,12500,Sport,100,"Eco-Drive,Luminous,Military Time"
Citizen,Promaster Dive Automatic,Analog,Automatic,44,Stainless Steel,30000,Diver,200,"Automatic Movement,Unidirectional Bezel"
Citizen,Eco-Drive Chronograph,Chronograph,Solar,43,Stainless Steel,20000,Casual,100,"Eco-Drive,Chronograph,Date"
Citizen,Eco-Drive Titanium,Analog,Solar,42,Titanium,28000,Sport,100,"Titanium Case,Eco-Drive,Date Display"
Citizen,Super Titanium Armor,Analog,Automatic,41,Titanium,45000,Sport,100,"Super Titanium,Sapphire Crystal,Automatic"
Citizen,L Ladies Eco-Drive,Analog,Solar,34,Stainless Steel,22000,Dress,50,"Swarovski Crystal,Eco-Drive"
Citizen,Promaster Aqualand,Digital,Quartz,52,Resin,35000,Diver,200,"Depth Sensor,Eco-Drive"
Citizen,Eco-Drive Classic,Analog,Solar,40,Leather,10500,Dress,30,"Eco-Drive,Date Display"
Citizen,Promaster Fugu,Analog,Automatic,44,Stainless Steel,29000,Diver,200,"Automatic Movement,Hacking Function,Iconic Case"
Citizen,Stiletto Super Thin,Analog,Solar,39,Titanium,27000,Dress,30,"Eco-Drive,Super Thin Case"
Citizen,Series 8 Chronograph,Chronograph,Automatic,42.5,Stainless Steel,80000,Sport,100,"Automatic,Chronograph,Sapphire Crystal"
Citizen,Eco-Drive World Time,Analog,Solar,42,Stainless Steel,18000,Dress,100,"World Time,Eco-Drive"
Citizen,Eco-Drive Corso,Analog,Solar,41,Stainless Steel,15000,Casual,100,"Eco-Drive,Date Display"
Citizen,Promaster Dive GMT,Analog,Automatic,44,Stainless Steel,32000,Diver,200,"Automatic Movement,GMT,Diver"
Citizen,Eco-Drive Chrono Tachymeter,Chronograph,Solar,44,Stainless Steel,19000,Sport,100,"Tachymeter,Eco-Drive"
Citizen,Eco-Drive Chandler Field Watch,Analog,Solar,42,Canvas,11500,Sport,100,"Date Display,Glow Hands"
Citizen,Promaster Land,Analog,Solar,43,Leather,24000,Field,200,"Compass,Eco-Drive"
Citizen,Eco-Drive Axiom Two-Tone,Analog,Solar,40,Stainless Steel,16000,Minimalist,30,"Two-Tone Finish,Eco-Drive"
Citizen,Promaster Diver 200M,Analog,Solar,42,Resin,20000,Diver,200,"Eco-Drive,Unidirectional Bezel"
Citizen,Eco-Drive Satellite Wave GPS,Analog,Solar,44.3,Titanium,75000,Luxury,100,"GPS,Satellite Time Sync,Titanium"
Citizen,Eco-Drive Stiletto,Analog,Solar,39,Stainless Steel,25000,Dress,30,"Ultra Thin,Eco-Drive"
Citizen,Promaster Diver Marine,Analog,Automatic,44,Stainless Steel,31000,Diver,200,"Automatic Movement,Diver"
Citizen,Eco-Drive Power Reserve,Analog,Solar,42,Leather,17000,Dress,50,"Eco-Drive,Power Reserve Indicator"
Citizen,Eco-Drive Pilot,Chronograph,Solar,45,Stainless Steel,21000,Pilot,100,"Eco-Drive,Chronograph"
Citizen,Promaster Nighthawk PVD,Analog,Solar,42,Stainless Steel,23000,Pilot,200,"Slide Rule Bezel,Black PVD Finish"
Citizen,Eco-Drive Stiletto Bangle,Analog,Solar,30,Stainless Steel,26000,Dress,30,"Bangle Bracelet,Ultra Thin"
Citizen,Promaster Dive Fugu,Analog,Automatic,44,Stainless Steel,30000,Diver,200,"Automatic Movement,Fugu Case"
Citizen,Eco-Drive Date,Analog,Solar,41,Leather,12000,Casual,30,"Date Display,Eco-Drive"
Citizen,Promaster Diver NY0040,Analog,Automatic,42,Stainless Steel,28000,Diver,200,"Automatic Movement,Diver"
Citizen,Eco-Drive Weekender,Analog,Solar,40,Fabric,11000,Casual,30,"Date Display,Eco-Drive"
Citizen,Promaster Diver Titanium,Analog,Solar,43.5,Titanium,35000,Diver,200,"Titanium Case,Eco-Drive"
Citizen,Eco-Drive Military,Analog,Solar,42,Nylon,13000,Sport,100,"Military Time,Eco-Drive"
Citizen,Promaster Dive BN0151,Analog,Solar,44,Resin,26000,Diver,200,"Eco-Drive,Unidirectional Bezel"
Citizen,Eco-Drive Dress,Analog,Solar,40,Stainless Steel,14000,Dress,50,"Eco-Drive,Sapphire Glass"
Citizen,Promaster Diver Titanium Automatic,Analog,Automatic,42,Titanium,38000,Diver,200,"Automatic,Titanium"
Citizen,Eco-Drive Blue Dial,Analog,Solar,41,Stainless Steel,16000,Casual,100,"Blue Dial,Date Display"
Citizen,Promaster Land Field,Analog,Solar,42,Leather,23000,Field,200,"Compass,Eco-Drive"
Citizen,Eco-Drive World Timer,Analog,Solar,43,Stainless Steel,19000,Dress,100,"World Time,Eco-Drive"
Citizen,Promaster Diver BN0190,Analog,Solar,45,Stainless Steel,27000,Diver,200,"Eco-Drive,Unidirectional Bezel"
Citizen,Eco-Drive Bracelet,Analog,Solar,39,Stainless Steel,17000,Dress,50,"Eco-Drive,Stainless Steel Bracelet"
Citizen,Promaster Diver Marine Automatic,Analog,Automatic,44,Stainless Steel,31000,Diver,200,"Automatic Movement,Diver"
Citizen,Eco-Drive Chronograph,Chronograph,Solar,43,Stainless Steel,20000,Casual,100,"Eco-Drive,Chronograph,Date"
Tissot,Gentleman Powermatic 80,Analog,Automatic,40,Metal,52000,Dress,100,"Silicon Balance Spring,Date Display"
Tissot,Le Locle Powermatic 80,Analog,Automatic,39.3,Stainless Steel,45000,Dress,30,"Powermatic 80 Movement,Transparent Caseback"
Tissot,Seastar 1000,Analog,Automatic,43,Stainless Steel,42000,Diver,300,"Diver's Watch,Ceramic Bezel,Automatic"
Tissot,Supersport Chrono,Chronograph,Quartz,45.5,Stainless Steel,22000,Sport,100,"Chronograph,Tachymeter,Date Display"
Tissot,PRC 200 Chronograph,Chronograph,Quartz,42,Stainless Steel,30000,Casual,200,"Chronograph,Tachymeter,Screw-down Crown"
Tissot,Heritage Visodate,Analog,Automatic,40,Leather,40000,Dress,30,"Day-Date Display,Domed Sapphire Crystal"
Tissot,Couturier,Analog,Automatic,39,Stainless Steel,38000,Dress,100,"Automatic Movement,Sapphire Crystal,Date Display"
Tissot,Carson Premium,Analog,Automatic,40,Stainless Steel,35000,Dress,50,"Powermatic 80,Date Display"
Tissot,V8 Chronograph,Chronograph,Quartz,42.5,Leather,25000,Sport,100,"Chronograph,Tachymeter"
Tissot,Chemin des Tourelles,Analog,Automatic,42,Stainless Steel,50000,Dress,50,"Clous de Paris Pattern,Roman Numerals"
Tissot,Sideral S,Analog,Automatic,41,Carbon,85000,Sport,300,"Forged Carbon Case,Diver's Watch"
Tissot,PRX Powermatic 80,Analog,Automatic,40,Stainless Steel,55000,Minimalist,100,"Powermatic 80,Sapphire Crystal"
Tissot,Visodate Quartz,Analog,Quartz,40,Stainless Steel,28000,Dress,30,"Day-Date Display,Sapphire Crystal"
Tissot,T-Race,Chronograph,Quartz,45,Rubber,28000,Sport,100,"Chronograph,Tachymeter,Motor Racing Inspired"
Tissot,Classic Dream,Analog,Quartz,42,Stainless Steel,20000,Dress,50,"Date Display,Sapphire Crystal"
Tissot,Quickster Chronograph,Chronograph,Quartz,42,Stainless Steel,26000,Sport,100,"Chronograph,Sporty Design"
Tissot,Seastar 2000,Analog,Automatic,46,Stainless Steel,60000,Diver,600,"Helium Escape Valve,Ceramic Bezel"
Tissot,Heritage 1938,Analog,Automatic,39,Leather,65000,Dress,30,"Automatic,Chronometer Certified"
Tissot,Chronograph,Chronograph,Automatic,42,Stainless Steel,100000,Sport,100,"Automatic Chronograph,Tachymeter"
Tissot,Le Locle,Analog,Automatic,39.3,Stainless Steel,45000,Dress,30,"Automatic,Elegant Design"
Tissot,PR 100 Sport,Analog,Quartz,38,Stainless Steel,22000,Casual,100,"Date Display,Sapphire Crystal"
Tissot,Heritage Porto,Analog,Quartz,42,Leather,30000,Vintage,30,"Tonneau Case,Roman Numerals"
Tissot,Gentleman Quartz,Analog,Quartz,40,Stainless Steel,35000,Dress,100,"Sapphire Crystal,Date"
Tissot,Seastar 1000 Chronograph,Chronograph,Quartz,45,Rubber,32000,Diver,300,"Diver's Watch,Chronograph"
Tissot,V8 Chrono Quartz,Chronograph,Quartz,42.5,Stainless Steel,26000,Sport,100,"Chronograph,Tachymeter"
Oris,Aquis Date,Analog,Automatic,43.5,Stainless Steel,140000,Diver,300,"Diver's Watch,Ceramic Bezel,Automatic"
Oris,ProPilot X Calibre 400,Analog,Automatic,39.5,Titanium,260000,Pilot,100,"Titanium Case,5-Day Power Reserve"
Oris,Big Crown Pointer Date,Analog,Automatic,40,Leather,115000,Dress,50,"Pointer Date,Automatic Movement"
Oris,Divers Sixty-Five,Analog,Automatic,42,Stainless Steel,130000,Vintage,100,"Vintage Design,Domed Crystal"
Oris,ProPilot Big Crown,Analog,Automatic,41,Textile,120000,Pilot,100,"Oversized Crown,Luminous"
Oris,Artelier Calibre 113,Analog,Manual,43,Leather,350000,Dress,50,"10-Day Power Reserve,Calendar"
Oris,Aquis GMT Date,Analog,Automatic,43.5,Stainless Steel,170000,Diver,300,"GMT Function,Diver's Watch"
Oris,Divers Sixty-Five Chronograph,Chronograph,Automatic,43,Stainless Steel,250000,Vintage,100,"Chronograph,Vintage Design"
Oris,Big Crown ProPilot Altimeter,Analog,Automatic,47,Stainless Steel,380000,Pilot,100,"Mechanical Altimeter,Barometer"
Oris,Aquis Cherry,Analog,Automatic,41.5,Stainless Steel,150000,Diver,300,"Red Dial,Diver's Watch"
Oris,ProPilot Big Day Date,Analog,Automatic,45,Stainless Steel,125000,Pilot,100,"Day-Date Display,Automatic"
Oris,Artix GT Day Date,Analog,Automatic,42,Stainless Steel,110000,Dress,100,"Day-Date Display,Automatic"
Oris,Chet Baker Limited Edition,Analog,Automatic,40,Leather,180000,Dress,30,"Jazz Musician Themed,Special Edition"
Oris,Big Crown Pointer Date Bronze,Analog,Automatic,40,Bronze,135000,Dress,50,"Bronze Case,Pointer Date"
Oris,Aquis Date Relief,Analog,Automatic,43.5,Stainless Steel,145000,Diver,300,"Diver's Watch,Relief Bezel"
Oris,ProDiver GMT,Analog,Automatic,49,Titanium,250000,Diver,1000,"Professional Diver,GMT Function,Titanium"
Oris,Artelier Skeleton,Analog,Automatic,40,Stainless Steel,190000,Dress,30,"Skeletonized Dial,Automatic Movement"
Oris,Aquis Date Calibre 400,Analog,Automatic,43.5,Stainless Steel,280000,Diver,300,"5-Day Power Reserve,Diver's Watch"
Oris,ProPilot Big Crown Bronze,Analog,Automatic,41,Bronze,130000,Pilot,100,"Bronze Case,Oversized Crown"
Oris,Divers Sixty-Five Bico,Analog,Automatic,40,Two-tone,160000,Vintage,100,"Vintage Design,Two-tone Bracelet"
Frederique Constant,Classics Index,Analog,Automatic,40,Leather,85000,Dress,50,"Automatic Movement,Date Display"
Frederique Constant,Classics Heart Beat,Analog,Automatic,40,Leather,110000,Dress,50,"Open Heart,Automatic Movement"
Frederique Constant,Highlife Automatic,Analog,Automatic,41,Stainless Steel,130000,Sport,50,"Integrated Bracelet,Automatic Movement"
Frederique Constant,Runabout Chronograph,Chronograph,Automatic,42,Leather,190000,Sport,50,"Chronograph,Limited Edition"
Frederique Constant,Slimline,Analog,Quartz,39,Leather,65000,Minimalist,30,"Ultra Thin,Date Display"
Frederique Constant,Classics Carree,Analog,Automatic,30,Leather,80000,Dress,30,"Square Case,Automatic Movement"
Frederique Constant,Horological Smartwatch,Analog-Digital,Quartz,42,Leather,75000,Smartwatch,50,"Activity Tracking,Sleep Monitoring"
Frederique Constant,Classics Quartz,Analog,Quartz,40,Leather,45000,Dress,50,"Quartz Movement,Date Display"
Frederique Constant,Highlife Perpetual Calendar,Analog,Automatic,41,Stainless Steel,380000,Dress,50,"Perpetual Calendar,Automatic"
Frederique Constant,Classics Moonphase,Analog,Quartz,40,Leather,75000,Dress,30,"Moonphase Indicator,Date Display"
Frederique Constant,Manufacture Slimline,Analog,Automatic,40,Leather,190000,Dress,30,"In-house Movement,Ultra Thin"
Frederique Constant,Ladies Automatic,Analog,Automatic,36,Stainless Steel,120000,Dress,50,"Automatic Movement,Diamond Accents"
Frederique Constant,Vintage Rally,Analog,Automatic,40,Leather,115000,Sport,50,"Vintage Racing Design,Automatic"
Frederique Constant,Classics Art Deco,Analog,Quartz,30,Stainless Steel,60000,Dress,30,"Art Deco Style,Bangle Bracelet"
Frederique Constant,Manufacture Tourbillon,Analog,Automatic,42,Leather,700000,Luxury,30,"Tourbillon,In-house Movement"
Frederique Constant,Highlife Chronograph,Chronograph,Automatic,41,Stainless Steel,220000,Sport,50,"Chronograph,Integrated Bracelet"
Frederique Constant,Slimline Perpetual Calendar,Analog,Automatic,42,Leather,280000,Dress,30,"Perpetual Calendar,Automatic Movement"
Frederique Constant,Classics Heart Beat Date,Analog,Automatic,40,Leather,120000,Dress,50,"Open Heart,Date Display"
Frederique Constant,Vintage Rally Healey,Chronograph,Automatic,42,Leather,195000,Sport,50,"Chronograph,Healey Limited Edition"
Frederique Constant,Slimline Moonphase,Analog,Quartz,38,Leather,70000,Minimalist,30,"Moonphase,Date Display"
Tudor,Black Bay 58,Analog,Automatic,39,Stainless Steel,300000,Diver,200,"In-house Movement,Diver's Watch,COSC Certified"
Tudor,Pelagos,Analog,Automatic,42,Titanium,350000,Diver,500,"Titanium Case,Helium Escape Valve,Luminous"
Tudor,Black Bay Chrono,Chronograph,Automatic,41,Stainless Steel,380000,Sport,200,"In-house Chronograph Movement,COSC Certified"
Tudor,Heritage Ranger,Analog,Automatic,41,Stainless Steel,250000,Field,150,"Automatic Movement,Field Watch"
Tudor,Black Bay Pro,Analog,Automatic,39,Stainless Steel,320000,GMT,200,"In-house GMT Movement,Fixed 24-hour Bezel"
Tudor,Royal,Analog,Automatic,41,Stainless Steel,220000,Dress,100,"Day-Date Display,Integrated Bracelet"
Tudor,Black Bay Bronze,Analog,Automatic,43,Bronze,360000,Diver,200,"Bronze Case,Automatic,Diver's Watch"
Tudor,1926,Analog,Automatic,41,Stainless Steel,200000,Dress,100,"Classic Dress Watch,Waffle Dial"
Tudor,Heritage Black Bay GMT,Analog,Automatic,41,Stainless Steel,350000,GMT,200,"In-house GMT Movement,Rotating Bezel"
Tudor,Pelagos 39,Analog,Automatic,39,Titanium,340000,Diver,200,"Titanium Case,Diver's Watch,Slimmer Profile"
